temperatura,ph,ley_mineral,caudal,turbidez,colector,agua_m3h,recuperacion_pct,costo_usdh
23.26442790045443,6.600238632052195,0.7704520489777693,541.0480117583676,45.436770607570146,42.004401875017216,527.012754452732,74.25306827230627,2920.479521540855
32.54456435825357,7.172360949755911,0.8529203979629332,460.7165303188774,34.64422648865798,42.01472761584543,452.44877863584804,75.55037635905074,2907.252247476129
27.782875405796737,6.628973525166417,0.9514409664490913,498.302634610568,47.9769484128925,42.044907669592575,523.1885831824478,64.50973761629788,2909.775206853479
30.083601395597178,6.601277720281122,0.9570581175749711,466.3498624918446,20.252985889589414,42.05215711308669,441.8918884575281,65.61121301555167,2901.697785250731
34.88563346083755,7.051856510332726,0.947173708315239,472.93565807575925,59.43412801769311,42.05995934886109,504.70742165921615,62.50761407063912,2928.0116939905456
28.32797063490237,7.214137635017991,0.7201467033204918,438.96753729627835,27.05830612115598,42.06228634732408,437.21482255221366,78.80128812121332,2882.7217800623266
20.635258273702508,7.700875431010775,0.8972001885305121,538.3759319333898,53.68968991684643,42.0819003174305,545.0410766609283,77.6035682415627,2938.064623440708
20.774868755215984,7.079512185834773,0.7290803625367941,480.5226063406899,29.137458868697085,42.085263915451776,461.2821160316957,80.37473868676956,2907.671214316323
31.171432338617258,7.342728395094499,0.7065494174937434,557.9811963471175,40.43508597081316,42.10439003993324,596.2354230251825,75.73011495389754,2925.1706020957795
32.686954367032136,6.95040786821379,0.7022448988320299,573.3684124827752,26.437896943260377,42.13068402508035,595.899541511847,76.15630789680881,2901.3612873031525
28.97715787336605,7.104319412761445,0.7373231166179571,417.36008867014465,28.10887018250733,42.132100186787106,419.71741275886745,78.41057411738682,2883.8142304279827
34.668754686107604,7.092851980638342,0.8713639574055992,533.6887141411547,24.370846641310216,42.14557342114197,529.4394389990351,72.10713240226319,2912.454571114654
32.863582161838366,7.740184822885617,0.8308409267947315,543.737934300905,20.488618516614032,42.171595226110384,551.6516944044207,79.02258529473582,2914.366670893015
28.048520203656338,7.422105116282434,0.9391786576816683,463.1073491805679,26.34994320779053,42.20208723890631,518.5035300479936,74.87427615420602,2891.1806079279854
25.149386935683616,6.85750779404309,0.9217516965780168,418.91107013267924,33.914826468842726,42.21266146554807,470.04832104827466,71.41935523441228,2904.54789477375
33.298363432578036,7.458875510534255,0.8189658168486542,581.6691351083193,56.65732991715626,42.21555316944798,593.5923425406249,75.44709229147385,2940.2879028385123
32.6671830993078,7.352251026937047,0.8672750490479149,428.0900316778045,55.05378677590069,42.26250821430791,481.2862196432467,74.30275617076056,2896.4250954017966
23.444840449982827,6.574188705719023,0.876290492395913,483.34082061649264,50.04324641931484,42.2760652161608,510.35928141473886,67.28179272985173,2901.969781371351
25.60486593310565,7.097759935211318,0.9454682057881771,545.4021811922711,24.165387504289008,42.31715582791112,557.6527539718767,74.22758735502197,2927.6549678623073
23.988049421892793,7.696266253521129,0.9420832673062107,591.8758544630462,42.388913831107686,42.31920346604957,624.202586205044,79.4035397588094,2953.6972510908054
25.409860016753814,7.021510452253855,0.9458352266633911,478.40849237237126,54.24780252593666,42.32939353752588,514.6633472091117,70.4094242521852,2905.218372222439
32.88474290836571,7.250314473970028,0.9445134470224281,473.34861978599196,52.223444227818675,42.331763629662284,468.3461844458259,68.32531713230054,2903.47286755825
30.24573429863682,7.104710306178623,0.8780546777326577,475.59773463944674,56.20745293467902,42.357445719938305,525.5398856717147,71.5575231820087,2908.639976218136
26.131746641430457,7.132649094071842,0.8515460184576246,488.42971149289906,38.36784382768261,42.36296719327322,509.3950491908023,75.71822179679235,2896.5962260481338
23.891597597818013,6.532585183556135,0.9793729985438387,562.0582682422709,31.539704125677908,42.382397638997524,585.1927889147445,68.46998710197842,2920.095666198174
31.30256844500387,6.974542186005073,0.9960094604555589,584.9238356966436,47.679734655460564,42.385666698080385,572.6909211975294,66.75968900156244,2941.8850764124195
25.46288026658081,7.107491092243726,0.791644183711351,571.0327892968428,40.48167733853818,42.423068852518895,564.7478623939884,78.18476127866604,2932.228958028599
30.96703964979193,7.990283784718764,0.8575849490718049,405.6439064354657,55.448732535576156,42.42933769849642,403.82031576362124,73.68156420837758,2889.1280790506485
22.145328127499525,7.318513541121572,0.7710105983579809,524.0063085423341,41.3886686969084,42.43788151784729,547.7422927769894,78.00984122091958,2926.8171252869683
23.90522815122875,7.460658818155462,0.7675892016347,416.9716887109869,27.866913051531853,42.51519160560165,432.0903415697762,82.3377208013912,2877.2327928870545
26.747889499161893,7.736623314025239,0.7850803448816721,435.5628928091086,41.26018927370994,42.52184843190254,475.02069026768163,77.2861165201386,2887.259220346895
32.8005418901355,7.283187639354726,0.806417596358965,498.26070653998,22.999939571961594,42.525781527884774,504.95008700463285,78.22452407232339,2909.7078369974283
21.85630705475517,7.346142705570834,0.9788896563172673,402.59866973435925,22.84675290191575,42.53012563300379,390.58355647838437,77.23816117551713,2897.948298908162
27.234551554143504,7.137165387223184,0.9321818315912969,411.3635356799963,54.238832006965,42.55839843798402,408.83404039364586,73.52509833157492,2895.9359819834144
25.691961195903936,7.3440020207479,0.7523611394880365,547.4920890383631,57.39028604183116,42.5604376791897,500.95915806792925,79.31787697215162,2933.9415325273203
26.634711906018396,7.095849952209236,0.8665766859700168,529.5926751791577,51.13210379004245,42.571698362786336,545.6808974587306,76.99289804555659,2929.6255268139653
28.031521847450048,7.679974568740398,0.7240831961212111,560.2697862843878,22.356613573432142,42.5761448007336,524.4954869948043,81.99628663274915,2910.722820714871
27.409862288667785,7.328277392838995,0.8155503212067907,438.60150723175326,26.102624187352518,42.58606135569573,441.65198848724026,80.01418237471054,2887.0038951372653
25.658089743245057,6.996015495419529,0.7665469906524033,407.86387660665406,53.81831594861713,42.588428980047894,446.72463747879897,77.89366765664265,2895.885133416853
34.38320368863621,7.716444353359883,0.7207414487398343,564.3546118746401,24.984410163181625,42.59275230852846,553.9939881383694,80.18745177850111,2916.953202457626
25.120806010725914,6.886841013721691,0.7182121553805735,444.02621604661897,45.32422948258542,42.598134552126005,400.3358338735936,75.0650975462401,2902.600574238485
23.182211112849522,7.774595287101841,0.9274108633773508,520.7729121876688,23.46983073152016,42.606791878577695,511.6239690752912,81.69729037443722,2905.4296711426764
21.41266021831474,7.448424219545315,0.7347696595957748,416.8961791354144,41.53573960346499,42.614015967850825,431.7686131480392,78.91280751930798,2887.5429366133426
22.41881094277886,7.955302358854765,0.9740143319686304,542.9833778529835,59.22561100570353,42.63812915134562,550.937429599932,72.4871204232253,2931.4563333442748
31.0269414127945,7.158767769808902,0.9091846887959917,581.9874345834922,31.467681018283017,42.64311795949412,567.366608766352,70.8251158789946,2947.206903198819
24.88738037207228,7.263401227627032,0.8034493778196513,450.77821758447715,45.615000396706606,42.64993662688671,468.13022344967754,78.13757947674276,2916.5425990665804
20.450818681417683,7.9541878755883815,0.8952436795132104,428.9965066394285,22.832018870946357,42.655269185416586,419.4725635330304,81.86852039785842,2896.5558028527935
34.04065355073445,7.628493371650329,0.7455405199236493,596.9170083086562,31.802403612558876,42.65599831734017,574.963543174026,77.08112430772074,2922.8553515433355
28.296557036169126,6.879552124894525,0.9659936674383465,531.2095210122357,54.56554707282129,42.65974883233801,541.9652556449357,67.64888635241911,2932.558378447359
31.605810241274394,6.8688133805075875,0.9468807631579291,560.9092012635895,27.03398997124024,42.67351939223335,580.7596150139151,70.8530102085882,2925.1168017945643
20.673659290884935,7.625398981922349,0.8697370658122272,408.0363145256941,42.22233870186456,42.67892415180753,441.21406457676693,77.92925521805905,2874.247075114485
22.482975841029173,7.709286448167088,0.7379691376371881,445.6158815912833,40.47289555619029,42.69634271729496,471.6063902249784,78.7535071070107,2909.528899517031
22.50459379861556,7.764984328642969,0.7543964376297557,556.183798206156,32.38608120108737,42.72211362166262,516.8441998490482,82.75601640109426,2912.9354195542087
21.977333266797814,7.402337678684024,0.9154187009902751,400.7232489569882,27.602435464325247,42.72924284957566,396.7090480622868,78.48030892522915,2883.4597633911003
26.911544078593494,7.882846259748801,0.8575279700034592,433.0157204175625,57.28453793484688,42.74425640428619,434.36659321290756,77.80748082005327,2914.329099389443
24.490749372722384,7.58275449835042,0.9612200119953591,486.00531392910426,51.02903256089112,42.75201511203316,464.5019389162311,75.11683026091566,2925.0660278333858
26.481395596626555,6.905948228406291,0.732474832442457,454.12213903903876,32.7193801846605,42.752845933959776,451.74201508039647,81.07203138542302,2886.3179135895184
31.58018648166482,6.763019767180883,0.8579380271905042,411.538534333288,56.751919719293696,42.760075228470775,455.3675695616472,71.46402748866741,2868.9582967603333
28.67025823711313,7.479787827534228,0.7665213962911297,550.2647551582604,26.996678110828753,42.772831264912995,544.3790806618736,81.18721464873606,2919.931239520155
34.37838819862168,7.191813328756361,0.7943744707107527,568.6116481931502,40.12183219310711,42.775488864014164,570.4224922084919,76.06665454239561,2937.9690835735873
21.717951103039603,7.552086651865149,0.7155164474999173,453.9798687912684,52.00312276766111,42.77680381134041,506.68672772463884,76.96583808715187,2916.225535182468
30.6536780200398,6.802022478579072,0.7973216992424815,441.95213212268266,43.807238927564086,42.798824837047455,475.42421351555777,74.38360965773231,2901.537885177548
33.0020215739289,7.946778329208803,0.8842596410630797,428.6393475486243,54.28634381794996,42.805784503215364,503.63793672053606,77.05751907727998,2899.803942090728
26.575793878762894,7.813308566790854,0.7511174527475875,487.8070224456194,26.694290772441956,42.80672860165879,479.56882939614627,76.49018492159013,2893.5139203106323
28.33192565206646,6.793243741094881,0.7865659020882856,528.5459461582191,27.805726765439456,42.825660785459455,548.9364240561473,74.00019369460495,2918.6181661464607
27.830184520497685,6.582402483796504,0.8260250695908374,438.4628080551379,51.69582587400211,42.855811633041284,451.57334051649843,70.74555312612819,2901.864411421463
33.01235947628487,6.661104434432866,0.9315581622531777,510.6026012688812,25.99331330769224,42.86994857787428,498.92801178220753,67.98926506829677,2902.305085341358
27.60939052373065,7.113552698068594,0.7551424371635501,587.1367278796085,37.4498608378487,42.875725007882124,578.0279884827905,79.07055212237584,2945.4681896485945
21.628636117031654,7.300760019910941,0.8807230759274343,437.22775082084775,43.234853937455284,42.87868589102844,476.3488217311122,80.94954055647939,2902.3015070902097
27.11253094223927,6.781855368554715,0.9592325061446036,489.4251100487674,31.144662368326898,42.88102018158765,460.80609759297425,74.34744317175848,2921.3622873968766
22.331623461251336,7.028076011358857,0.8163592075247861,514.8111011563642,33.69260024990424,42.885970867628515,544.1650881046075,77.77684110177233,2904.0316028352795
29.546125131616655,7.067464733560123,0.8582199341974394,558.3694579582148,52.98010270767496,42.88946687613471,556.6491361167797,72.56676656296533,2936.5577447993855
22.260094607198603,7.158232552702923,0.8497840770922443,510.63972630755745,47.33106458071765,42.900885750449014,513.1586569151784,79.61401368936056,2912.436003170835
26.49458739301651,6.830236836728449,0.9422342129230464,502.9879443145545,41.72266779640994,42.900959944031555,519.6055783482079,68.68461929179414,2904.7621855225807
31.421488447760115,6.710083107034236,0.9002190664296392,426.0049990035806,56.9205863619101,42.94225698936595,465.61833454407656,67.55664047350304,2898.3489919336516
27.342530097608122,7.453340531015277,0.9348284044168307,543.4038945525778,21.457277892394444,42.9469537630429,538.4722882291389,75.46202796086129,2905.363831503307
20.53764127127245,7.567876715882868,0.8065844618658331,570.2073974384145,30.693308578302897,42.95984162490787,562.3728677041792,82.71429447066693,2929.343241663949
20.614204404285797,6.557966464740327,0.9706449005227004,592.8565297408215,40.487456811997774,42.96233622769776,574.1497680824499,71.27809286289481,2942.9655363572933
31.926722584746287,7.410817145741108,0.7199194837129823,534.3775171530983,57.985415527069996,42.97183144029112,527.4527328537189,79.65206425204134,2934.252008029573
26.305726572579157,7.25431240547053,0.7716355988076049,469.60260293421413,31.420359667616648,42.97774029490905,423.16804709290295,81.15778306693653,2901.774931675457
25.590535119601014,7.535602931773252,0.8890455907823154,483.1366818292858,30.85096290831965,42.995813501558295,451.79351001218555,81.62470210040064,2902.43655277196
21.827487569427966,6.890276983014487,0.7468873965882925,421.89746514016304,37.952255350888706,43.0214587762419,419.72277264011205,79.32886713338439,2905.177106803009
27.594948974309496,7.1279841309722025,0.7312454481408615,419.07069063657207,28.099413809781844,43.02452966813343,409.3963519831919,81.59697781388994,2890.8682381861345
20.248697028463354,7.161443947697055,0.9619719809061642,427.51126949864226,47.238664005006356,43.04570368046413,416.0584114603973,75.43988981413834,2906.974166088228
27.764922819315935,6.617234209828083,0.7035427264537013,589.3832456847961,29.719434478512767,43.053972727896024,569.0408721229115,79.98954502056738,2922.2017199785564
21.79600382751684,7.065101011812315,0.7155249236811654,469.2428910722183,41.67395280446668,43.08172442355115,498.10582218657504,79.38672829514107,2922.687507250051
30.67337062395167,6.998244571555177,0.8958361673473945,597.6352849114301,40.06647368261932,43.12027195737254,620.0522598474497,73.39690729919592,2942.1025203691597
27.719440131745248,7.694090671438806,0.9396249483285282,477.86680111833,28.60303232625337,43.13770571526531,494.38863553942775,77.00317592809823,2899.537307552709
30.26843110090516,7.169423507870662,0.738057624388515,450.95448481950734,59.988594042515714,43.18795582406487,470.1619271041806,78.20086473726882,2910.4663074547816
30.248875364882196,7.024345417178051,0.9646233128314313,492.92051743860725,56.96498595936862,43.20272466929942,509.4701873058661,73.11649627462913,2920.271718394222
30.766403540054654,7.558695505444232,0.9961558996125082,509.79561330589206,32.12994472591383,43.20398560288934,551.0681426613323,76.35259984578339,2926.0438334344194
33.74522029307267,7.244626223658963,0.7097777329741043,402.4931319675764,52.96955784400505,43.210778747435384,390.8978662135222,77.57801001604466,2896.458623623553
32.83237312685878,7.201478678675318,0.7405664086011958,592.3666014384735,46.219654742358735,43.22672075969152,584.3641061633598,79.82722529546389,2961.698078109962
33.4424115775965,7.818603169488441,0.710253823278478,519.7056978086532,41.513215959920686,43.231492479341405,526.9615980329152,79.59913733211734,2910.4561080690346
23.02673166078583,7.963604036584491,0.9870914753892339,512.3881847202356,42.69442236056234,43.285872225120414,522.4958035275903,78.6430255024544,2917.909634429081
29.637249139933214,7.08364506728312,0.9188485263582937,405.2958202609927,47.5224693240508,43.29582514233666,417.9378801302865,74.52445936956896,2905.5840718189634
28.504066929790802,6.642781307505461,0.8929502630620165,487.9706601183289,53.06191445958187,43.349508824580624,493.3921289483428,73.70833100210668,2915.505340717556
27.62529107670413,6.753309562419072,0.8015774329632441,593.3527927284065,29.419006816070187,43.35275687356519,588.5098287594514,81.34010241084208,2958.6761092824236
24.83738520752998,7.976277897421999,0.8598221282013634,448.8125557586381,37.77464650552929,43.36097692898915,455.8376339291997,80.01752184073969,2901.183435238904
29.793831898459977,7.487721152589938,0.7036422702766131,586.9366455734821,40.26444559039414,43.376749736213455,544.0073181575651,82.28576509659396,2924.9846515078566
29.942963191453735,7.841767246578172,0.8248485040201872,551.9852795188181,33.37851568820875,43.38270800798987,529.7938307064558,81.93256399111026,2925.960876548953
22.240612345522262,7.118387894696113,0.9302522247942695,447.25351545566605,25.464176111186212,43.40147600274095,483.77792692186244,77.43976465010203,2880.284072738317
34.33024142281717,7.744393113628558,0.8669458271532382,495.0414757052585,25.94479345107615,43.40461044983068,491.74601813762536,80.56441018156359,2909.90517306744
21.080887206094154,6.696732753777065,0.8387800182132424,591.8146676159972,43.559491622744645,43.416004986586444,579.2352037980835,74.60026892511942,2946.0532305998586
32.65382577143812,7.834669199809803,0.9240195144514141,580.9012700838895,30.969542889013542,43.41679224297484,574.2257913931362,78.58153998793574,2934.7776481120623
24.514230376714096,6.501601197534121,0.8065494660981616,454.84910704362056,27.269182712477047,43.43318462021172,474.23690519980005,76.26042309643397,2907.246962580062
34.33434885570455,7.469436144842839,0.757013564787879,539.1104060825282,26.112530562088295,43.44103853313369,510.77503435187646,79.9750741799006,2919.8698809011253
25.61276065110774,7.83254817959426,0.8164461503734195,575.8846817823317,27.830864088388985,43.4411466586636,564.563800487011,79.59662225445345,2931.2653730796824
31.81384754344009,6.951980536493923,0.9581690665820897,570.4358390014901,42.677167481181876,43.45800217775835,581.6298229388194,71.06325775868417,2921.6020364718183
33.15066195896929,6.767906263545677,0.7447552551659045,494.9060178375782,38.624340400277326,43.46716764800753,499.20935124175134,78.23464447355761,2899.939119691469
33.45495198159493,7.869730625520812,0.8143922615369303,520.0546562782164,29.78251373143493,43.47791647519773,520.7157112070126,81.55972706564629,2925.4730819324063
34.190366803371425,6.774213155646465,0.7271224235415692,401.34315683267704,33.08683433903623,43.487044277270094,428.9502284241862,79.19696996368356,2877.9597434618254
31.77145173878281,7.134101051408093,0.7960482906678608,456.972938088778,54.72619306116271,43.50764771214206,476.2754359354692,77.80573139958095,2927.105133419255
29.340631174823123,6.632603436051012,0.9372595392589802,595.9243362248576,20.27512044137332,43.51522611571615,584.5944745250406,75.62505082937365,2923.720171023917
25.011950607523186,7.842031830301723,0.7698196440028562,583.781944562018,24.570520330138407,43.542248344746525,540.4202626051384,79.77892448791005,2916.816237217232
22.176953819975743,7.310715038256133,0.9037154668863979,557.9116408001312,36.59016896647899,43.54972836627692,547.5144911716809,80.90024836896563,2937.9511355139493
26.243936385547883,7.8991694294854735,0.7280748836015117,527.7461825794762,26.25095908468317,43.572007217203335,515.3161902478575,82.4085785502105,2915.36659928363
33.81585795942787,7.056368482312504,0.9851488809408118,400.12846073997474,44.72295352976355,43.57802492859004,415.4799872098589,70.20758913520027,2891.1861721823807
20.73047708470777,7.97448075730386,0.856292689826732,517.8041641820435,45.94049193620552,43.58504196209872,525.5524652896927,79.95204221678897,2933.7186839122355
21.17162589620546,7.533352178679458,0.9965342241495789,430.7043361862398,58.21528869616994,43.598581656903285,483.5851090705835,76.59028089130697,2906.2596585805436
24.171700353072318,7.483809291474261,0.9923502677626868,462.21276702091797,28.835153393981606,43.63245663795923,508.82964637183835,77.44753492738698,2896.4407891921705
22.651591744088474,7.971231718299551,0.7042374200430471,490.25978366866104,50.71429502535244,43.633851683504034,496.5628092347445,80.1061115037447,2934.9696364696774
34.688369505609195,7.9784316522680125,0.7060783384612417,422.30426879429103,47.835150729131016,43.67206118024732,457.8538758043895,82.98938095672325,2895.174112121485
29.972762848880482,6.707981744350129,0.9527963865154588,556.5676310111569,37.943912320685385,43.68400001218531,563.3867211694766,69.7112378692328,2928.071385625053
21.84136898617229,7.812626298581123,0.9163121664000176,510.6862739773967,42.094343258017304,43.71372386822654,517.4654614155359,81.97057587334979,2918.115546690865
25.96367290737411,6.599118816379092,0.7944152342396089,466.1201108281956,47.381079143432466,43.717428574567776,438.97672415958755,78.15782060501766,2901.3265174762873
31.13476924126965,6.782795350811241,0.9458974658605489,459.8822989633049,36.00848084706392,43.734468530037006,465.34540698375235,70.9838601293219,2901.7144621747107
24.757083392340732,7.728799818940971,0.7983423162081957,415.3277322901763,41.459459582331604,43.7381001807495,445.14026382577623,80.40385490739389,2897.274766604189
23.45320986342321,7.73469097612428,0.8178205036305258,428.51425646542276,54.400259922504155,43.75914629572495,426.55051665673284,80.02896073897911,2894.3745482167524
27.57187224355247,6.8377664991583185,0.8859747940552315,477.4034231248367,27.6257102642397,43.794271789039946,508.8044954798921,76.76003007934675,2893.868968920139
24.57056905641247,7.262289372167367,0.7151139214865663,486.46708455351154,46.182798651159274,43.796079941279544,472.8940059430311,78.55412015527673,2915.280379855891
21.49793715741094,7.29281259341368,0.9792133543616941,524.0225257894681,37.70110350293142,43.79616252093989,547.9563704985584,78.02526763851938,2929.198106951279
32.76696649642903,6.854540653075317,0.9993002177015908,452.8067404551228,21.634799590866972,43.80829874543357,459.46286867361357,69.46956831060241,2899.018545911323
21.272173868536445,6.81640158273307,0.7737943054571861,535.8901666591883,23.32331098768206,43.82065016118813,557.404809168954,82.89501016762887,2916.422069524486
24.764534515453427,6.824933546276064,0.9219493282115513,404.65821200093865,30.96919289561483,43.85431957401886,434.66295868034996,77.56044673345198,2873.323332129746
28.854803763247233,7.098792953986686,0.7317827070972884,575.8933711179752,42.97189151862206,43.86565602203443,596.7005244679237,75.24110836883476,2936.4206399312884
24.421609243618143,7.839578727129879,0.870343415606303,563.9770243639401,28.66849249652928,43.87152732972427,602.441066145077,80.53770425379358,2939.484093886023
20.372892370793846,7.20493391043101,0.9115817228432954,535.4351923326648,44.128186402033975,43.92688699185317,577.7283790113403,81.01110238760886,2934.358629541355
20.677596754841396,7.773188169704133,0.7447683185320769,540.9746935944238,27.19545858810111,43.93718970051045,533.9855692202783,83.48366304004158,2936.243357799593
32.441429223241045,7.790422829328412,0.7890605456522243,579.6500890356288,51.320513418273705,43.94190644422333,569.9766158585059,80.95082865605008,2935.846952823685
34.10891614543277,6.842968403993172,0.878036881776992,460.25123788925276,46.34109931403056,43.979507993088724,483.0787260059049,75.51799716312975,2917.043662678912
21.75655348850166,7.428072167254463,0.8432946308718912,517.0295643282607,46.37869100021912,43.99060418221038,527.0499154452644,79.00330456927237,2934.3758779223676
24.961036130823,6.711540949925022,0.9609052887120896,452.3309831265888,36.60482442448304,44.000174659572004,490.7838965707368,73.9397404878842,2902.40133710071
23.383893023063166,7.203507618519009,0.9408114928380636,549.2267111458619,24.48396929705688,44.00450250680467,547.574937599209,80.7612678509169,2911.4450688000334
31.474982861240385,7.438217235370905,0.7272105298269905,576.561866428916,43.44547820695723,44.02879819601676,557.1878229218194,78.82202377102566,2927.6599222382874
32.728407331604366,6.996074100119158,0.77881887892445,520.8614607597842,28.062067886975687,44.0338145431245,529.0030918614409,77.95033886330094,2934.2673566733165
31.437982206059786,6.645215223957457,0.8386683790431004,578.5412157421181,31.36023265343292,44.03472795717999,572.4303484151851,73.42940901089247,2939.1779518632156
20.220242653401062,6.731634632033214,0.8645842177966623,508.6702834847515,50.52748329580975,44.0381576894313,512.97625610125,77.51378611104035,2907.732065393102
29.78881010840153,7.818145429673809,0.9958089229229871,569.3748406227826,42.0385766205421,44.0494576044069,571.1909198607352,79.30796140912445,2929.747165655179
21.658826164941658,6.965981277621625,0.9677624484385261,581.4394746673225,30.925328504266943,44.051545615844645,553.8161094197179,78.52557430518777,2939.9810684957624
22.69238108519131,7.120895478581901,0.9444627828056118,438.1770293144447,43.80862754066598,44.06819987557496,472.3586363520586,75.8905092142915,2911.980538400385
22.973063408193468,7.84838236448077,0.7202122915399018,411.46059090810525,20.089408189895885,44.0685482310095,440.3786343130216,79.70545211833036,2885.3265087755326
25.076847249459888,7.111043581794458,0.7047409717489889,552.389635712835,32.13771589567177,44.072465081435865,548.4407364159987,83.59778085320988,2923.1649762388392
27.399349637759997,7.800758414910059,0.7092984365443403,502.86386662293665,48.14946478575074,44.08980007937731,528.0802014120463,79.9850816136667,2919.598285466553
29.928747720903424,7.234736384138694,0.7559449884267592,522.1917356833397,42.95936832609954,44.09316435285074,542.3602544735908,80.08885985126713,2933.269083090545
32.49017294086756,7.501234884720137,0.936266675458965,584.8560767358122,50.1400225378244,44.11041832786531,588.2814987962571,77.71018392362419,2943.709049716742
24.655020108861116,6.9859050034064545,0.8375128873484537,414.35541861215376,31.325403055500445,44.1681017600037,429.3664136021993,79.73973092225901,2901.02821005045
25.657170205335213,7.977570045081307,0.7748644527816161,423.97582679133467,43.37884378845959,44.16956590409849,460.44380942684023,78.9873407456739,2889.4383704895104
29.45017766864598,7.9657890948715355,0.9268362429229223,519.2478819095866,32.07141734982446,44.17764119912175,510.12774238811187,79.71056301284317,2914.584861640585
26.518446270465354,7.125880414788029,0.9909381123252159,425.9456213809811,26.36287019310009,44.17833779917943,464.7016365900306,79.91846380110044,2888.5381792077665
20.90792676239804,7.799913248230508,0.7816135567533008,433.4582456808459,56.37205262561082,44.182618049555614,454.16432187465955,79.60379113927245,2907.0746189782817
20.87162722582171,6.523708333160201,0.7299855567323539,496.58156647421424,21.486426472774287,44.18631312953571,496.8205114354444,81.84581924445793,2919.1188928368124
21.9666303953933,6.783068315043379,0.9824100703810741,569.8783103416878,47.801535512396725,44.212704075663844,564.9232100208629,73.34210351165967,2923.041050910988
20.27240815871546,6.607775503229352,0.9217223887049237,508.9965879156995,36.08676396585288,44.21779198826889,495.30221247647796,77.86401134151035,2914.036789466226
30.237432559624633,7.790945602094196,0.7440229699622957,583.732923012259,34.6689669167187,44.22764845926662,612.7280275072045,82.5301552111416,2946.256804360442
27.978291370191023,7.601219518641377,0.9148392822978514,498.6968315526434,52.475260028317116,44.24381472256328,548.817058121489,79.12361324421117,2906.1632302274566
32.91078602488841,7.948123930222604,0.7415741654327388,448.5348085910054,38.96224863711261,44.2515690723104,463.813178633497,83.42777366140196,2896.9811677827256
27.06644309214699,7.415090724330761,0.7797428239825197,488.3802147490141,48.14632403422445,44.256691400927096,479.1012847628485,82.2793124540383,2903.869713402061
32.553448694914074,6.641429080232011,0.789223587728074,450.3421283498865,35.024238885148094,44.28783208556368,462.95638395659154,77.50921677374998,2907.6154184254824
26.74042253215683,6.673556250964144,0.9140759829722251,466.2948647318248,48.48004107328206,44.3058859668721,487.0700711498859,79.0604130112975,2905.5147145107235
33.72948140428332,7.5925624486196135,0.8416433353061938,464.40681630621043,24.45459891146352,44.30881572052059,471.14444920830095,78.5462215872788,2911.548523835666
30.789688005362354,7.859160216147773,0.7355455757064404,599.8080035011106,40.77255629662768,44.318640527565606,631.6047092550957,82.97581611173969,2956.231243579046
30.46052043589046,6.728490065236364,0.895238376915321,549.13500013206,29.639086410524694,44.332906002398644,516.4189252958614,76.43187283346059,2927.8495921544436
24.71676037616302,7.6048596396736,0.9821054237614542,499.3117634087232,36.46622780518945,44.358898070275664,490.3268256915312,82.23001859089034,2919.7152124348845
30.026044426857077,7.929383702728348,0.9836249717319845,519.5558681260077,58.67279512328933,44.360662665641954,587.3756050734469,77.97370296796875,2926.6049623905824
23.79883211600296,6.56894487401021,0.8769369951567576,512.0114952472461,33.65413288762842,44.37020394827231,506.23135273531636,78.19232419842821,2934.9524001700047
20.20904431562302,6.539866647495938,0.7969797653095314,585.647729622433,49.84725202460503,44.3817416786191,599.5433906089365,79.76418261494399,2953.4557195445336
27.511117793035133,7.7428203872581784,0.9684185745144196,583.3360568998735,24.23258110738731,44.383224208298415,609.9074354609911,83.43752732165566,2938.942905282787
31.050585327233303,7.507781282921101,0.7101633385427669,482.8055164264724,20.754063161518133,44.39686919140796,485.3427135252507,81.48922654735252,2912.3483154503065
26.836644347504166,6.730945373866439,0.8557501704742965,460.35866799211874,32.86489352876984,44.40454404495789,471.08820182630643,75.84448350551695,2901.2945647162487
34.57739639091451,7.326363152735604,0.9811154292011521,584.5478191650335,52.249259548919255,44.410210389575845,596.4760360370872,73.98599975454154,2955.5289904284073
20.265031714998685,7.624029292548509,0.7460476616122571,485.1425047493834,50.40287126174161,44.42632263854283,492.7756883035001,77.30126619877836,2933.772643561831
29.95431569990528,7.402995445291294,0.9867581602566776,406.21683600160605,48.16129092476851,44.43582582697442,399.2202530799931,74.23552199918944,2897.6283156324594
22.469117263730272,7.256267906586221,0.8055789829068898,535.6023108343593,51.56213118428586,44.44148404952268,538.6565721659639,81.34823408349916,2934.5049247746124
29.96470310491081,6.866307501148833,0.8175513129730158,444.3904502894134,34.77884184725011,44.442470012648045,475.44859278278193,77.61643631109298,2906.9795006906793
22.59691769633755,7.923264660508677,0.9370729466168305,407.01815318456164,46.418089539734765,44.4437333700538,472.9236300398796,80.79791784694842,2899.061219559054
29.56383050717689,7.862912369833463,0.8549723514529036,436.8891921773683,52.54106198322158,44.44557606888898,490.89091935875445,77.8193325149,2911.7518573531684
33.876801775651955,7.274689103953461,0.9269948282249846,580.2210626301353,45.07264944521211,44.452595561514826,574.43496370636,76.73856163894591,2932.760229715689
24.70840054702984,6.666086387900831,0.7437496902207039,521.8858736993934,37.2485987250334,44.46460647850558,535.2942234020104,77.12184297208225,2924.740392145972
33.60655433234322,7.053909262011453,0.9850005311722624,503.8452208576592,47.02994046242278,44.46536400975749,496.09777701020505,70.86809268438186,2921.265267854594
24.78698732899499,6.981275111100781,0.8203919006146588,590.5857581252028,47.21724244369825,44.46963184796181,570.0973948330992,80.4627971127133,2955.076713032186
33.12507413351913,7.79921690949653,0.9581037672345349,464.76540049268317,31.56413124778041,44.489005506130844,512.1500494508134,76.99704698288815,2909.9505326964363
34.70040769331289,6.838893436875174,0.8818589286663432,587.5130517545895,25.959112967180843,44.49544404411531,562.8350877846656,74.14333545741741,2956.989576237325
32.33874635926148,7.7927216267240205,0.8489694691441563,593.0284234114798,37.8879585969414,44.51680390912877,588.7065369074082,77.71947513569157,2952.4816666569523
20.4441093369292,7.704080907932548,0.9539029050969908,571.8356957393794,38.54818329074206,44.55818754153353,558.067863864103,79.10560722292767,2936.9106472101616
24.99641241515957,7.615992084042486,0.7618818710216037,450.0342105610059,37.727119489811514,44.563964841896926,480.556165411118,84.45002968818042,2900.508595134813
23.996949762512692,6.578863985484583,0.8794503640122324,519.9237799025739,57.5993037481997,44.575082334566275,560.0173288047154,75.84289930467718,2928.2255157634554
27.010724023329374,6.81047773946126,0.7409411662133533,590.8216558140016,35.37226636415831,44.577962613707726,607.0533546960578,79.76877715506802,2944.2866617342647
33.45550098344938,7.915073526916779,0.861231272006193,410.8763948333636,26.026110297316517,44.642255760801476,429.02232244779464,80.74802999548648,2883.5716102580727
27.190543461868106,7.990314495180272,0.7025851771401256,511.3664832741561,38.86411116660592,44.64524050647064,545.8320423510652,81.09061986839859,2918.9967897419997
27.135573893389008,7.1122350023465195,0.7066806461888799,400.9969930588946,53.87335100044527,44.66134080447725,440.5057853148629,77.59189106308538,2916.38213823272
34.26791990005762,6.952647300045396,0.7134640967428829,588.9059331705251,26.16974488380285,44.6706533345333,587.6590455644935,79.79639926760674,2941.255389321576
31.76121422512112,7.91854047773671,0.7819469622176559,404.0885966285502,21.797656140368282,44.686917919214814,396.96941491178256,78.07107766532104,2888.8237040272024
26.52645590004557,7.197019456785995,0.8240224733169575,573.4011201713195,44.47041417793997,44.68959913948896,559.0013326903567,82.50289649430147,2946.780041206616
31.140388500876284,7.934069989283944,0.7680095955744132,434.43413273658484,31.941689950085582,44.698400471070435,452.15561195755987,81.43065019604904,2914.317291059688
29.509626675216275,7.9033129157639825,0.7116253994585288,529.6187860563033,42.266376027497955,44.701642184749815,541.7025827825412,78.92318405683892,2941.3312633359214
28.916504956346778,7.9950158172787305,0.8287296614407771,408.5950251293798,31.160392136565058,44.71600062290121,451.2105600694146,82.28731899634226,2897.071045455469
25.499125773989185,7.215800949924387,0.8964987772604393,567.4403098675195,42.15048377060904,44.71742369288289,551.3412916241748,78.9144168393435,2942.1121036014047
23.065960506221437,7.749255581992268,0.710866699313591,493.4084700266469,45.413369721903365,44.73201908753641,505.52528814238445,79.44205345388201,2920.842112754119
34.38813909266864,7.257915383439643,0.9014210572519096,590.4571815100637,38.12328483239309,44.733880522892264,568.6755075039226,79.01126980654513,2963.056152494709
26.651212982409966,7.014070464132434,0.8243061315983083,455.7212105266902,42.60592450783548,44.75753038343268,464.64897291283125,78.45382911709578,2904.7201712070964
22.842070386264286,7.470607697214987,0.9348461696945936,541.2197164785521,35.70901655649718,44.7743972147141,578.8791613957645,79.07007456815728,2937.8591885235423
34.93196708875456,7.217607389130017,0.9707469902268756,430.7056588089261,47.255581412154456,44.774506431519946,463.3137833737373,75.15195898699614,2915.7134560075965
22.777690174303515,7.655289670306782,0.7679192621234002,566.4732716930002,27.751704510896506,44.77617216799935,529.1695179026946,81.57617425787114,2934.3151232225023
27.718745778282965,7.600199664199754,0.7136986856310118,456.59590817226257,26.24033391310039,44.77815071285167,505.3380988724367,81.49189096389652,2889.390268090655
28.56848977614159,7.89015408723349,0.7613078635634916,438.1454314645436,55.864276485897356,44.79612895829446,453.5066500645086,83.07524321894309,2909.7511490973634
33.77662843273331,6.594675756055807,0.9376812511511207,566.8845504302312,49.86403856220487,44.81686297376222,558.491265238195,70.93226438254618,2946.649214341066
26.188573539105207,6.80808544650861,0.8880857021296806,560.3813666981497,20.831472979033663,44.82039187146282,542.8048187331119,80.3837593433728,2921.267489899048
28.04300619667063,7.208833975005286,0.8790179051295786,455.96518367895743,40.02427432426624,44.826701059440104,509.78116429538983,78.90583025170321,2909.556527020101
25.220471351142713,7.103071697235604,0.9780846999197537,416.5872445736346,54.80381558455088,44.84087696286147,427.56475033347914,77.31602517522948,2903.3451247286002
21.42573796346602,6.677598624768003,0.7071269519371559,478.5420117121848,53.29277216870133,44.852933593254214,521.7870820757303,77.11953837971424,2919.62667845994
27.567964852894796,7.273633514432077,0.8993034605302761,464.46775456160884,29.451604060678626,44.85864095498806,467.15275292735083,80.99272059450443,2900.764490181789
29.65797680120997,7.209175959138498,0.7419362771409604,552.4146042060352,57.190730005402926,44.86111971248876,535.8288228824101,78.14016805943788,2944.9333570405315
22.01141914809148,7.246471553548068,0.8559260979087528,481.90046737287776,21.619958077334708,44.90823029517414,454.1604944103545,84.74016141478103,2905.439427407114
26.41854820522025,7.155001234008259,0.7429022203979155,565.3429839204373,41.452791088905144,44.93435027657487,593.0129741177931,80.31443378214188,2926.8294650302
25.128904078184906,7.876093383899214,0.8474831002892362,448.0947108190476,43.170167835781825,44.939080383310326,487.1410731486552,80.50434269317978,2906.659956845081
22.167862832990703,7.529244373422726,0.7983771650592112,425.775480934095,39.17093529184997,44.99345416709123,438.7154781601209,79.16623300736745,2895.28803977646
25.749797341661147,7.451351650950093,0.7401359276781566,490.98504546686115,55.85140403104598,45.029593885937715,531.9007715925751,82.18753935832613,2915.7615531298857
28.31054215308574,6.73028828308192,0.9397668764977165,424.7574662234275,38.95937892116364,45.04264523021687,428.18792670558446,75.23987657222017,2909.0791097785605
31.60934072833945,6.593094659810233,0.9528195906419417,565.8442282406238,48.643998826349886,45.054088583854444,549.8834029074291,75.64622294520693,2935.899260258727
28.294895978793498,7.146614536456907,0.9542999403993919,457.3487801958436,40.879895481829436,45.06763343718488,466.4229905572963,79.55077589404725,2912.864029762763
30.238723973138306,7.462341988946529,0.7192626554696393,541.0898662469156,46.23661847895522,45.072628009193274,578.9750744939906,79.50181351082215,2931.9064122096324
28.715917095505922,6.642798630441296,0.9972429296653367,419.6633182251729,37.097167633940145,45.0730581132768,423.61827699549144,75.13544928581072,2890.695065617335
29.121938178718874,6.829369388303137,0.9458583915653027,440.46172376841963,36.47898896047951,45.094310715218356,450.09300323650154,79.1085967587665,2898.21969556682
24.220758380329947,6.983323510734407,0.8592169873180702,581.36145072111,36.26392574807852,45.126516234267164,595.5720000169339,79.71852084624237,2947.130530352396
20.07112089367811,7.457701291647111,0.926227168055672,558.4850200670357,20.24232468521007,45.128224634217744,549.5719854183749,85.83538889546203,2931.058613219166
29.026621338015627,7.455005419874459,0.7280699156826401,582.9198488743523,43.873493382017855,45.128980695037505,613.530459460741,81.97078575489901,2936.270532470513
22.998623037126624,7.50177373827198,0.9962942343269385,577.3115827332557,57.984121716031744,45.157328415963185,594.8996730779699,80.89719668106852,2952.327296073659
21.596292978070743,7.800954560751772,0.7989356138654506,501.1951007822265,55.000932750958164,45.171078147036454,525.3054212971912,80.82228219774689,2934.150437941014
31.006302461568744,6.819612401598503,0.8482779330435588,538.9065582572763,31.470968430411794,45.175780784851256,500.6466796758429,79.35115245558154,2947.909333402028
31.741028408754293,6.577128731835394,0.9294270063797946,555.3814109913661,48.37096044568993,45.18347323871988,566.4256440877034,71.40326356284375,2945.6073837288477
32.87187956937235,7.195742165694314,0.964485166372859,551.1755461651762,59.792136983678866,45.185684163472835,563.9284345026562,75.13297334840067,2933.5130124275543
25.812175685452615,6.796714770888795,0.8334813283081018,492.1961649402941,29.659584254592275,45.21513270735414,517.0085745974113,80.49248672212819,2903.993721069093
25.56197036348872,7.489926951693918,0.7142117520188469,458.58718130076744,30.551441687030668,45.28923763354298,478.04155855853327,81.09052059198112,2904.877248675368
21.5884610562613,6.58923003827501,0.8961191417730762,496.7023282007362,30.23122613699973,45.30249155854857,480.98076981585393,76.46161100155814,2953.428714316364
29.786495847815473,7.472275594500702,0.7152832267009066,571.1925017627364,59.84509030554429,45.320000084675286,610.215806106099,80.60895939144861,2946.519077134991
25.645392102212394,7.938061288957901,0.7141751016569455,440.5355575735435,53.68078145297043,45.33181082685644,449.06623014759396,76.67968909113384,2913.623948709522
20.72853934770437,7.854339031445425,0.9022459201881894,585.5695803655628,22.60862679598145,45.355599811775704,577.3464177829876,83.93240534720967,2948.6663572112966
34.12308285107149,7.212533666006541,0.7964752308608353,468.5376360755663,34.55187928658547,45.357347620252916,452.90258995937813,83.85139550422603,2914.5235024245453
27.23046139379526,6.6125259610273135,0.8628825117317223,418.0717753402836,20.36955685674051,45.369148657920704,385.8967390926649,79.19644142970914,2894.6264432009143
26.55727878308496,6.63758551858851,0.7854422765949668,475.9438652963331,37.69558375603782,45.370401349338714,488.27954065421926,78.5347126442186,2924.1245075975817
32.0303882041039,6.74909394862096,0.7129525675170654,499.3959120920256,43.57150814658512,45.3797409280725,533.0415021068972,77.74467409943564,2922.2979666945816
28.852930741491893,7.446368011658983,0.966226869441021,536.1367551330811,20.17603687614202,45.39921302343388,539.0430588013649,83.16873047739442,2917.2980162091926
34.769743004264654,6.86952836267484,0.7649900314617617,504.96223752184073,58.67788554539722,45.40995978127779,506.80703144633645,74.81069697594343,2932.3064032490574
28.716749138313535,7.739917226986895,0.8366056364330461,540.2541614218715,34.26771198621684,45.43140395269046,551.0836335771231,82.24973585789945,2933.579287316897
32.48389702092801,6.529649668014038,0.9943014434061319,549.902995507654,39.22239563195673,45.44098547098493,556.0320494796222,70.38179155470222,2942.46472942358
30.421971932277472,7.304731885628376,0.9480287079684842,405.2402968375586,22.7048003051718,45.454585949880936,417.9541217442582,79.71652382925619,2896.027918189782
30.053048830270324,7.1913970866096655,0.8188195753835461,562.4381103702384,46.423347020182064,45.459670037166276,545.1148464142851,80.41400274238926,2945.7442543204447
25.568789556324155,7.415606163761461,0.7622911516281758,517.2218767828733,45.19151098899674,45.46891180215572,514.5490722674027,80.43239718785495,2933.784908331174
23.469208095302783,7.222387383809066,0.7659980317981784,465.56840777068834,36.55949505021495,45.474406295036516,519.0288027542679,80.28930380197598,2916.303912935723
31.400224576160525,7.715779573489696,0.9645721651416783,407.2049813672533,30.03638515499649,45.49070020866625,469.5010227117254,79.25493745103452,2902.9700416862315
25.583923597873223,7.294087031039432,0.8689948725093887,573.6478256811315,36.5519923953659,45.49380054837178,550.9939093255122,81.07488570736227,2935.827297038412
28.237165753995193,7.456905116369967,0.8566424341627006,563.2714145151654,34.30392840892303,45.507126505245935,579.6938690691549,81.41549218279846,2955.4598612044465
26.253340528923275,7.885850600818145,0.7236229869648751,587.3813080045356,51.92158005088075,45.5127810053359,566.7027975306235,78.58777826507584,2954.0327787687443
33.68874116212897,7.634139721569279,0.7962510687819451,478.1921227856612,25.01304039097803,45.517689709890526,466.93449196217097,80.70616973163982,2920.312783520053
27.755292302741438,6.894306998239674,0.8373692109254156,416.2884962481636,31.148407222253596,45.53431762175228,461.62746478130134,81.14935141406353,2914.7604892771906
27.691088669101376,7.4937943915493,0.849580011517638,570.8405013389984,50.82237211140399,45.56861265323599,613.4755297726747,80.46637600021955,2946.9399265132947
34.04191195063616,7.477504201902491,0.9616312906010721,402.0258674682918,48.94379694411285,45.57878841556725,411.6775455220011,82.18216691264237,2902.3409870496607
32.111474089644226,7.772571131091621,0.9685492353321219,442.24419888759303,52.43595009335841,45.59998851997675,493.18251452843424,81.1594112946547,2910.56068685387
31.661072573617663,7.349630976214467,0.7356032101236535,552.3015495639794,28.202023940927333,45.60226516237043,557.1155144536756,83.589125101096,2944.6371899980986
26.808453231144497,6.672989657166482,0.8136603869043871,454.1840786772625,27.470190228456133,45.613700995093815,479.1932727550196,77.97275803189888,2910.049421027673
25.911604738896777,6.690838942837742,0.7072688062262754,597.3784405076016,24.362172259297253,45.647970429956665,590.9367373745533,79.0823773509164,2944.219374829312
27.961543858985802,6.582905614251842,0.7763647943881846,459.9849811655791,40.35172555093925,45.658174814338295,482.77557513114516,79.44096394239506,2895.8177802668397
31.692163111569933,7.584670703218079,0.7014572013331837,495.8445225777955,41.321624191454234,45.672076250063405,515.8155772321913,81.20516912051902,2917.641605787335
30.12958443001226,7.105031604873693,0.8393204878951576,564.4254547808214,33.6145511255892,45.67601445624217,575.1025896060419,80.57659265604791,2953.174858454937
34.73550024656799,6.725059367372316,0.8368741922163045,479.18253580814047,32.959181870072655,45.697969290140364,478.02079514693617,83.04748135436589,2919.540975845194
23.678884595348144,7.888530003105087,0.82548319576851,576.3438846549541,52.02687279837683,45.69868328529423,566.5527732343754,81.10167873143536,2949.954854181847
31.585294815118523,7.567558731379082,0.900049985707135,499.41813236131964,45.24112578932181,45.745457777131456,507.43813376827524,80.19169987367863,2937.395197764657
29.985271041598054,7.745028768738543,0.904568771520122,531.7692296946852,34.85121950034508,45.74708229083794,549.5583604806214,79.66606833390806,2955.9930395295796
30.648570459219556,7.3528545720556036,0.8714709353520156,467.3341615194745,38.32234166473725,45.787554801595824,478.21345629916,78.48754412052025,2919.125042985399
27.803451005689908,6.731424688120214,0.831471507126272,530.525609828261,30.99726767881527,45.790299559611974,516.304092137314,80.68080359434236,2922.89585735697
34.76852912376131,7.324240419200088,0.9020541144175731,477.2747872529328,57.646944373007415,45.815960271686926,521.1296391617523,77.40911027485427,2910.2347804450073
31.71093546532952,7.512104821023916,0.8439395508265459,499.1069608305086,53.986288097842795,45.84559745753162,519.718584795079,80.34870845018891,2931.9838742222846
24.68854923542876,7.917722431506159,0.7008121821027361,587.2556985609331,32.658405696609876,45.85715175236789,601.2606545525883,79.41294031460892,2947.1129665571366
20.46226751851909,6.534841373520138,0.7776506911712199,546.3254030860467,56.40358696520796,45.86744597447476,568.4555694870817,76.70481751554314,2941.2863274975966
20.324181198204958,7.839546529304455,0.7279812715972981,436.75841397122167,36.62712772448937,45.87524602347466,472.92345492078914,77.3858672049798,2888.047385435562
34.03909734050939,7.061695904673407,0.7207419835021784,504.15412159183376,52.46386978386652,45.87982437277951,504.198576960039,82.07137258839545,2916.057207043866
28.71484060622076,7.341166061843018,0.7002969981779158,483.7172251109067,34.53871278920079,45.9341765050214,527.7168014930782,82.65163085030161,2916.8767862344625
21.795088337973414,7.562236330763953,0.9736616021226029,501.1928837187314,49.33379393453403,45.94380744098082,547.2733277273285,82.70045930057032,2931.2062978671966
22.096526164309353,7.91827983653286,0.9694360241503284,414.31290001239034,45.09784360429532,45.944737409568944,405.39193965425335,81.69126259962674,2894.890984993047
22.45365316565165,7.7734676339372815,0.7850396650730073,431.6335727304113,32.73002218473613,46.01068053951572,425.9091271249603,80.03230081744451,2906.9692610220236
34.54722675058354,7.657774014843733,0.8478513400206347,523.0048763806747,47.00682865524197,46.01651353365239,500.647694553935,83.7420766617614,2936.9598304693577
27.03990401285602,6.696335496275743,0.862992752870787,572.7364078843741,22.819580214276765,46.03005960687096,550.4460670504358,80.11092257198094,2930.568708431141
24.083623427677384,7.0850938852347936,0.9978423871811335,529.2854076116564,49.11494852090408,46.03314902109897,572.0641398934916,81.87462285504745,2952.734382844838
32.791716944478694,7.915697552155567,0.8358610497136054,463.5310441610415,36.669290155761786,46.042374493357244,458.89453848547976,83.78149390107396,2893.9409904696245
20.347101418729196,7.1597135637207,0.8373205559950232,440.737869816036,29.78146303007224,46.051825869784366,433.0119803232012,80.62079234269771,2900.668032923769
26.723684198815267,7.088090033623165,0.8125834419080482,494.1904276913634,30.995083065000756,46.060669826830306,501.2805254702568,81.26950521078821,2903.23096568207
27.515671626550454,7.184678291771408,0.8399527789415029,583.8174255937112,27.125365749669452,46.06658468200457,595.233201055214,85.97253484556123,2958.445231767401
27.943130829276086,7.284635748918973,0.7497598089170028,484.71706965895726,46.74341783283937,46.07537429176325,498.23493420015984,84.03951416452892,2932.1814386628457
23.408580826771654,6.765853251873909,0.8565629304066568,541.7889038043236,41.93055367333061,46.07768573400078,537.0768569059173,79.77171990337169,2943.0817210155124
